xp,yp,Hour,ymdh,zp
194748.26175527967,2596184.954715116,hour=0,ymd=2022051012_50,50.0
191848.65059845842,2596573.4531176956,hour=1,ymd=2022051011_50,50.0
188674.46604106523,2596340.881156545,hour=2,ymd=2022051010_50,50.0
186015.17466757394,2595493.0687744133,hour=3,ymd=2022051009_50,50.0
184789.42338357068,2594842.7633133493,hour=4,ymd=2022051008_50,50.0
184238.84083720244,2594243.5318795554,hour=5,ymd=2022051007_50,50.0
184260.58770987525,2593832.0501323543,hour=6,ymd=2022051006_50,50.0
184513.5424945815,2593832.50985839,hour=7,ymd=2022051005_50,50.0
185061.83464031055,2593649.841626981,hour=8,ymd=2022051004_50,50.0
185880.03573353722,2593234.3729758128,hour=9,ymd=2022051003_50,50.0
186886.75863099605,2592131.6336686495,hour=10,ymd=2022051002_50,50.0
188208.53490799054,2590618.8810992944,hour=11,ymd=2022051001_50,50.0
189070.14793391287,2588431.8002418685,hour=12,ymd=2022051000_50,50.0
188984.1027454561,2586859.982103649,hour=13,ymd=2022050923_50,50.0
188978.14695930242,2585583.3594711083,hour=14,ymd=2022050922_50,50.0
188977.16291021317,2584832.121024103,hour=15,ymd=2022050921_50,50.0
188979.71208820812,2584753.3111438416,hour=16,ymd=2022050920_50,50.0
189070.88464795373,2584484.7211469226,hour=17,ymd=2022050919_50,50.0
189349.55953976832,2583980.3353765123,hour=18,ymd=2022050918_50,50.0
189731.436617847,2583158.0353285633,hour=19,ymd=2022050917_50,50.0
190100.78719376348,2581917.7753292285,hour=20,ymd=2022050916_50,50.0
189266.81701616425,2578788.7019510753,hour=21,ymd=2022050915_50,50.0
188985.55032453168,2576974.6398107596,hour=22,ymd=2022050914_50,50.0
